City,State,Population
New York city, New York,"8,805,594"
Los Angeles city, California,"3,899,449"
Chicago city, Illinois,"2,748,331"
Houston city, Texas,"2,300,351"
Phoenix city, Arizona,"1,608,415"
Philadelphia city, Pennsylvania,"1,603,794"
San Antonio city, Texas,"1,434,322"
San Diego city, California,"1,384,429"
Dallas city, Texas,"1,304,345"
Jacksonville city, Florida,"949,618"
Fort Worth city, Texas,"918,923"
San Jose city, California,"1,013,419"
Austin city, Texas,"961,899"
Charlotte city, North Carolina,"874,687"
Columbus city, Ohio,"906,022"
Indianapolis city (balance), Indiana,"887,644"
San Francisco city, California,"878,392"
Seattle city, Washington,"737,020"
Denver city, Colorado,"715,513"
Oklahoma City city, Oklahoma,"681,069"
Nashville-Davidson metropolitan government (balance), Tennessee,"689,451"
Washington city, District of Columbia,"689,545"
El Paso city, Texas,"678,959"
Las Vegas city, Nevada,"645,822"
Boston city, Massachusetts,"678,622"
Detroit city, Michigan,"639,471"
Louisville/Jefferson County metro government (balance), Kentucky,"631,890"
Portland city, Oregon,"652,522"
Memphis city, Tennessee,"628,546"
Baltimore city, Maryland,"585,720"
Milwaukee city, Wisconsin,"577,897"
Albuquerque city, New Mexico,"564,549"
Tucson city, Arizona,"542,649"
Fresno city, California,"542,235"
Sacramento city, California,"524,908"
Atlanta city, Georgia,"498,792"
Mesa city, Arizona,"504,374"
Kansas City city, Missouri,"507,984"
Raleigh city, North Carolina,"467,911"
Colorado Springs city, Colorado,"480,378"
Omaha city, Nebraska,"491,875"
Miami city, Florida,"442,244"
Virginia Beach city, Virginia,"459,444"
Long Beach city, California,"466,766"
Oakland city, California,"440,679"
Minneapolis city, Minnesota,"429,983"
Bakersfield city, California,"404,368"
Tulsa city, Oklahoma,"413,143"
Tampa city, Florida,"385,288"
Arlington city, Texas,"394,377"
Aurora city, Colorado,"386,333"
Wichita city, Kansas,"397,572"
Cleveland city, Ohio,"372,626"
New Orleans city, Louisiana,"384,130"
Henderson city, Nevada,"316,893"
Urban Honolulu CDP, Hawaii,"350,956"
Anaheim city, California,"346,810"
Orlando city, Florida,"307,785"
Lexington-Fayette urban county, Kentucky,"322,566"
Stockton city, California,"320,802"
Riverside city, California,"315,478"
Irvine city, California,"307,682"
Corpus Christi city, Texas,"318,066"
Newark city, New Jersey,"311,553"
Santa Ana city, California,"310,534"
Cincinnati city, Ohio,"309,561"
Pittsburgh city, Pennsylvania,"302,960"
St. Paul city, Minnesota,"311,483"
Greensboro city, North Carolina,"299,190"
Jersey City city, New Jersey,"292,749"
Durham city, North Carolina,"283,827"
Lincoln city, Nebraska,"291,333"
North Las Vegas city, Nevada,"259,472"
Plano city, Texas,"285,464"
Anchorage municipality, Alaska,"291,246"
Gilbert town, Arizona,"267,882"
Madison city, Wisconsin,"274,667"
Reno city, Nevada,"264,146"
Chandler city, Arizona,"276,103"
St. Louis city, Missouri,"301,371"
Chula Vista city, California,"275,494"
Buffalo city, New York,"278,286"
Fort Wayne city, Indiana,"263,914"
Lubbock city, Texas,"257,206"
St. Petersburg city, Florida,"258,344"
Toledo city, Ohio,"270,877"
Laredo city, Texas,"255,211"
Port St. Lucie city, Florida,"204,859"
Glendale city, Arizona,"248,399"
Irving city, Texas,"256,781"
Winston-Salem city, North Carolina,"249,567"
Chesapeake city, Virginia,"249,302"
Garland city, Texas,"246,191"
Scottsdale city, Arizona,"241,334"
Boise City city, Idaho,"235,717"
Hialeah city, Florida,"223,122"
Frisco city, Texas,"200,537"
Richmond city, Virginia,"226,525"
Cape Coral city, Florida,"194,001"
Norfolk city, Virginia,"238,029"
Spokane city, Washington,"228,973"
Huntsville city, Alabama,"215,079"
Santa Clarita city, California,"232,809"
Tacoma city, Washington,"219,210"
Fremont city, California,"230,497"
McKinney city, Texas,"195,333"
San Bernardino city, California,"222,100"
Baton Rouge city, Louisiana,"226,926"
Modesto city, California,"218,504"
Fontana city, California,"208,407"
Salt Lake City city, Utah,"199,712"
Moreno Valley city, California,"208,644"
Des Moines city, Iowa,"214,058"
Worcester city, Massachusetts,"206,511"
Yonkers city, New York,"211,575"
Fayetteville city, North Carolina,"208,472"
Sioux Falls city, South Dakota,"192,721"
Grand Prairie city, Texas,"196,075"
Rochester city, New York,"211,318"
Tallahassee city, Florida,"196,181"
Little Rock city, Arkansas,"202,531"
Amarillo city, Texas,"200,414"
Overland Park city, Kansas,"197,246"
Columbus city, Georgia,"206,918"
Augusta-Richmond County consolidated government (balance), Georgia,"202,075"
Mobile city, Alabama,"206,932"
Oxnard city, California,"202,059"
Grand Rapids city, Michigan,"198,910"
Peoria city, Arizona,"190,988"
Vancouver city, Washington,"190,887"
Knoxville city, Tennessee,"190,674"
Birmingham city, Alabama,"200,542"
Montgomery city, Alabama,"200,588"
Providence city, Rhode Island,"190,978"
Huntington Beach city, California,"198,729"
Brownsville city, Texas,"186,361"
Chattanooga city, Tennessee,"181,671"
Fort Lauderdale city, Florida,"182,644"
Tempe city, Arizona,"184,208"
Akron city, Ohio,"190,408"
Glendale city, California,"196,527"
Clarksville city, Tennessee,"166,755"
Ontario city, California,"175,264"
Newport News city, Virginia,"186,239"
Elk Grove city, California,"176,138"
Cary town, North Carolina,"174,799"
Aurora city, Illinois,"180,529"
Salem city, Oregon,"175,473"
Pembroke Pines city, Florida,"171,185"
Eugene city, Oregon,"177,254"
Santa Rosa city, California,"178,118"
Rancho Cucamonga city, California,"174,620"
Shreveport city, Louisiana,"187,540"
Garden Grove city, California,"171,976"
Oceanside city, California,"174,160"
Fort Collins city, Colorado,"169,826"
Springfield city, Missouri,"169,149"
Murfreesboro city, Tennessee,"152,835"
Surprise city, Arizona,"143,152"
Lancaster city, California,"173,584"
Denton city, Texas,"139,874"
Roseville city, California,"147,793"
Palmdale city, California,"169,415"
Corona city, California,"157,043"
Salinas city, California,"163,537"
Killeen city, Texas,"153,157"
Paterson city, New Jersey,"159,759"
Alexandria city, Virginia,"159,463"
Hollywood city, Florida,"153,048"
Hayward city, California,"162,933"
Charleston city, South Carolina,"150,599"
Macon-Bibb County, Georgia,"157,345"
Lakewood city, Colorado,"155,999"
Sunnyvale city, California,"155,631"
Kansas City city, Kansas,"156,605"
Springfield city, Massachusetts,"155,927"
Bellevue city, Washington,"151,868"
Naperville city, Illinois,"149,566"
Joliet city, Illinois,"150,490"
Bridgeport city, Connecticut,"148,637"
Mesquite city, Texas,"150,232"
Pasadena city, Texas,"151,973"
Olathe city, Kansas,"141,290"
Escondido city, California,"151,100"
Savannah city, Georgia,"147,802"
McAllen city, Texas,"142,188"
Gainesville city, Florida,"141,149"
Pomona city, California,"151,478"
Rockford city, Illinois,"148,946"
Thornton city, Colorado,"141,865"
Waco city, Texas,"140,122"
Visalia city, California,"141,590"
Syracuse city, New York,"148,611"
Columbia city, South Carolina,"136,805"
Midland city, Texas,"132,874"
Miramar city, Florida,"134,713"
Palm Bay city, Florida,"119,751"
Jackson city, Mississippi,"153,703"
Coral Springs city, Florida,"134,403"
Victorville city, California,"134,821"
Elizabeth city, New Jersey,"137,310"
Fullerton city, California,"143,645"
Meridian city, Idaho,"117,794"
Torrance city, California,"146,946"
Stamford city, Connecticut,"135,453"
West Valley City city, Utah,"140,238"
Orange city, California,"139,930"
Cedar Rapids city, Iowa,"137,732"
Warren city, Michigan,"139,395"
Hampton city, Virginia,"137,154"
New Haven city, Connecticut,"133,986"
Pasadena city, California,"139,622"
Kent city, Washington,"136,608"
Dayton city, Ohio,"137,677"
Fargo city, North Dakota,"125,949"
Lewisville city, Texas,"125,674"
Carrollton city, Texas,"133,440"
Round Rock city, Texas,"119,529"
Sterling Heights city, Michigan,"134,340"
Santa Clara city, California,"127,863"
Norman city, Oklahoma,"127,997"
Columbia city, Missouri,"126,055"
Abilene city, Texas,"125,004"
Pearland city, Texas,"125,824"
Athens-Clarke County unified government (balance), Georgia,"127,353"
College Station city, Texas,"120,523"
Clovis city, California,"120,165"
West Palm Beach city, Florida,"117,321"
Allentown city, Pennsylvania,"125,855"
North Charleston city, South Carolina,"114,885"
Simi Valley city, California,"126,369"
Topeka city, Kansas,"126,600"
Wilmington city, North Carolina,"115,459"
Lakeland city, Florida,"112,614"
Thousand Oaks city, California,"126,954"
Concord city, California,"125,410"
Rochester city, Minnesota,"121,391"
Vallejo city, California,"126,082"
Ann Arbor city, Michigan,"123,892"
Broken Arrow city, Oklahoma,"113,577"
Fairfield city, California,"119,927"
Lafayette city, Louisiana,"121,391"
Hartford city, Connecticut,"121,631"
Arvada city, Colorado,"124,354"
Berkeley city, California,"124,320"
Independence city, Missouri,"122,926"
Billings city, Montana,"117,159"
Cambridge city, Massachusetts,"118,379"
Lowell city, Massachusetts,"115,560"
Odessa city, Texas,"114,451"
High Point city, North Carolina,"114,115"
League City city, Texas,"114,344"
Antioch city, California,"115,304"
Richardson city, Texas,"119,465"
Goodyear city, Arizona,"96,165"
Pompano Beach city, Florida,"112,057"
Nampa city, Idaho,"100,428"
Menifee city, California,"102,523"
Las Cruces city, New Mexico,"111,400"
Clearwater city, Florida,"117,435"
West Jordan city, Utah,"116,961"
New Braunfels city, Texas,"90,441"
Manchester city, New Hampshire,"115,653"
Miami Gardens city, Florida,"111,598"
Waterbury city, Connecticut,"114,457"
Provo city, Utah,"115,178"
Evansville city, Indiana,"117,293"
Richmond city, California,"116,303"
Westminster city, Colorado,"116,654"
Elgin city, Illinois,"114,834"
Conroe city, Texas,"89,973"
Greeley city, Colorado,"108,809"
Lansing city, Michigan,"112,642"
Buckeye city, Arizona,"91,526"
Tuscaloosa city, Alabama,"100,987"
Allen city, Texas,"104,648"
Carlsbad city, California,"114,733"
Everett city, Washington,"110,600"
Springfield city, Illinois,"114,506"
Beaumont city, Texas,"115,149"
Murrieta city, California,"110,955"
Rio Rancho city, New Mexico,"104,047"
Temecula city, California,"109,990"
Concord city, North Carolina,"105,329"
Tyler city, Texas,"105,972"
Davie town, Florida,"105,705"
South Fulton city, Georgia,"108,074"
Peoria city, Illinois,"113,264"
Sparks city, Nevada,"108,459"
Gresham city, Oregon,"114,265"
Santa Maria city, California,"109,694"
Pueblo city, Colorado,"111,868"
Hillsboro city, Oregon,"106,492"
Sugar Land city, Texas,"111,040"
San Buenaventura (Ventura) city, California,"110,754"
Downey city, California,"114,351"
Costa Mesa city, California,"112,187"
Centennial city, Colorado,"108,425"
Edinburg city, Texas,"100,316"
Spokane Valley city, Washington,"103,094"
Jurupa Valley city, California,"105,053"
Bend city, Oregon,"99,221"
West Covina city, California,"109,500"
Boulder city, Colorado,"108,556"
Palm Coast city, Florida,"89,230"
Lee's Summit city, Missouri,"101,122"
Dearborn city, Michigan,"109,956"
Green Bay city, Wisconsin,"107,365"
St. George city, Utah,"95,353"
Brockton city, Massachusetts,"105,654"
Renton city, Washington,"106,849"
Sandy Springs city, Georgia,"108,106"
Rialto city, California,"103,931"
El Monte city, California,"109,457"
Vacaville city, California,"102,388"
Fishers city, Indiana,"99,065"
South Bend city, Indiana,"103,444"
Carmel city, Indiana,"99,750"
Yuma city, Arizona,"97,090"
Burbank city, California,"107,334"
Lynn city, Massachusetts,"101,261"
Quincy city, Massachusetts,"101,618"
El Cajon city, California,"106,193"
Fayetteville city, Arkansas,"94,311"
Suffolk city, Virginia,"94,406"
San Mateo city, California,"105,663"
Chico city, California,"103,830"
Inglewood city, California,"107,765"
Wichita Falls city, Texas,"102,285"
Boca Raton city, Florida,"97,436"
Hesperia city, California,"99,815"
Daly City city, California,"105,049"
Georgetown city, Texas,"67,423"
New Bedford city, Massachusetts,"101,079"
Albany city, New York,"99,161"
Davenport city, Iowa,"101,730"
Plantation city, Florida,"91,779"
Deltona city, Florida,"93,700"
Federal Way city, Washington,"101,023"
San Angelo city, Texas,"99,903"
Tracy city, California,"93,118"
Sunrise city, Florida,"97,294"
Fort Myers city, Florida,"86,428"
Longmont city, Colorado,"98,919"
Kenosha city, Wisconsin,"100,005"
Vista city, California,"98,732"
Edmond city, Oklahoma,"94,427"
Beaverton city, Oregon,"97,538"
Norwalk city, California,"102,766"
Roanoke city, Virginia,"100,016"
Yakima city, Washington,"96,992"
Lawrence city, Kansas,"94,933"
Orem city, Utah,"98,130"
San Marcos city, California,"94,868"
Avondale city, Arizona,"89,343"
Portsmouth city, Virginia,"97,945"
Temple city, Texas,"82,217"
Merced city, California,"86,374"
Reading city, Pennsylvania,"95,100"
Bellingham city, Washington,"91,476"
Mount Pleasant town, South Carolina,"90,987"
Kirkland city, Washington,"92,164"
O'Fallon city, Missouri,"91,375"
Greenville city, North Carolina,"89,273"
Asheville city, North Carolina,"94,725"
Fall River city, Massachusetts,"93,983"
Manteca city, California,"83,555"
Indio city, California,"89,286"
Chino city, California,"91,390"
Norwalk city, Connecticut,"91,188"
Redding city, California,"93,919"
Lehi city, Utah,"75,918"
Livonia city, Michigan,"95,527"
Hoover city, Alabama,"92,571"
Erie city, Pennsylvania,"95,017"
Hemet city, California,"89,811"
North Port city, Florida,"74,801"
Sandy city, Utah,"97,278"
Roswell city, Georgia,"92,825"
Champaign city, Illinois,"88,317"
Nashua city, New Hampshire,"91,331"
Mission Viejo city, California,"93,638"
Bryan city, Texas,"83,988"
Carson city, California,"95,557"
Trenton city, New Jersey,"90,810"
Compton city, California,"95,728"
South Gate city, California,"92,719"
Santa Monica city, California,"93,075"
Newton city, Massachusetts,"88,931"
Santa Fe city, New Mexico,"87,508"
Fort Smith city, Arkansas,"89,144"
Deerfield Beach city, Florida,"86,856"
Clifton city, New Jersey,"89,872"
Lawton city, Oklahoma,"90,378"
Westminster city, California,"90,818"
Frederick city, Maryland,"78,134"
Springdale city, Arkansas,"87,323"
Lawrence city, Massachusetts,"89,165"
Troy city, Michigan,"87,306"
Franklin city, Tennessee,"83,548"
Danbury city, Connecticut,"86,863"
Ogden city, Utah,"87,342"
Mission city, Texas,"85,789"
Waukegan city, Illinois,"89,309"
Bloomington city, Minnesota,"89,978"
Folsom city, California,"80,463"
Duluth city, Minnesota,"86,718"
Melbourne city, Florida,"84,727"
Leander city, Texas,"59,212"
Mountain View city, California,"82,537"
Santa Barbara city, California,"88,806"
Lake Forest city, California,"85,864"
Citrus Heights city, California,"87,578"
Sioux City city, Iowa,"85,894"
Kennewick city, Washington,"83,940"
San Leandro city, California,"90,997"
Medford city, Oregon,"86,028"
Warner Robins city, Georgia,"80,357"
South Jordan city, Utah,"77,485"
Daytona Beach city, Florida,"71,599"
Baytown city, Texas,"85,600"
San Ramon city, California,"86,336"
Homestead city, Florida,"80,737"
Whittier city, California,"87,865"
Gastonia city, North Carolina,"80,434"
Auburn city, Washington,"87,183"
New Rochelle city, New York,"79,751"
Livermore city, California,"87,966"
Kissimmee city, Florida,"79,191"
Cranston city, Rhode Island,"82,885"
Layton city, Utah,"81,783"
Farmington Hills city, Michigan,"84,002"
Rancho Cordova city, California,"79,332"
Queen Creek town, Arizona,"59,489"
Auburn city, Alabama,"76,585"
Longview city, Texas,"81,765"
Hawthorne city, California,"88,080"
Doral city, Florida,"75,871"
Warwick city, Rhode Island,"82,831"
Miami Beach city, Florida,"82,897"
Castle Rock town, Colorado,"73,158"
Boynton Beach city, Florida,"80,201"
Perris city, California,"78,703"
Redwood City city, California,"84,304"
Newport Beach city, California,"85,229"
Brooklyn Park city, Minnesota,"86,460"
Westland city, Michigan,"85,408"
Buena Park city, California,"84,024"
Jonesboro city, Arkansas,"78,555"
Largo city, Florida,"82,681"
Redmond city, Washington,"73,269"
Somerville city, Massachusetts,"81,048"
Cicero town, Illinois,"85,289"
Pasco city, Washington,"77,345"
Johns Creek city, Georgia,"82,444"
Lake Charles city, Louisiana,"84,938"
Pharr city, Texas,"79,731"
Loveland city, Colorado,"76,367"
Mansfield city, Texas,"72,636"
Woodbury city, Minnesota,"75,105"
Lynchburg city, Virginia,"79,017"
Alhambra city, California,"82,863"
Flower Mound town, Texas,"75,975"
Bloomington city, Indiana,"80,212"
Rapid City city, South Dakota,"74,730"
Milpitas city, California,"80,269"
Flint city, Michigan,"81,266"
Upland city, California,"79,040"
Bethlehem city, Pennsylvania,"75,795"
Parma city, Ohio,"81,121"
Bloomington city, Illinois,"78,701"
Bowling Green city, Kentucky,"72,313"
Tustin city, California,"79,948"
Alameda city, California,"78,285"
Missouri City city, Texas,"74,254"
Wyoming city, Michigan,"76,518"
Plymouth city, Minnesota,"81,020"
Lakewood city, California,"82,496"
Cedar Park city, Texas,"77,603"
Rochester Hills city, Michigan,"76,311"
Broomfield city, Colorado,"74,106"
Mableton city, Georgia,"77,080"
Missoula city, Montana,"74,137"
Racine city, Wisconsin,"78,337"
Lakeville city, Minnesota,"69,495"
Bismarck city, North Dakota,"73,623"
Flagstaff city, Arizona,"76,845"
Chino Hills city, California,"78,429"
Pittsburg city, California,"76,407"
Schaumburg village, Illinois,"78,723"
Pawtucket city, Rhode Island,"75,611"
Napa city, California,"79,305"
Southfield city, Michigan,"76,608"
Ankeny city, Iowa,"68,095"
Iowa City city, Iowa,"74,825"
Maricopa city, Arizona,"58,142"
Lauderhill city, Florida,"74,493"
Marysville city, Washington,"70,715"
Hammond city, Indiana,"77,844"
Evanston city, Illinois,"78,102"
Apex town, North Carolina,"64,324"
Scranton city, Pennsylvania,"76,340"
New Britain city, Connecticut,"74,150"
Rock Hill city, South Carolina,"74,366"
Bellflower city, California,"79,213"
Pleasanton city, California,"79,858"
Rogers city, Arkansas,"69,924"
Arlington Heights village, Illinois,"77,663"
Appleton city, Wisconsin,"75,678"
Noblesville city, Indiana,"69,854"
Blaine city, Minnesota,"70,216"
Tamarac city, Florida,"71,903"
Rocklin city, California,"71,600"
Apple Valley town, California,"75,784"
Bolingbrook village, Illinois,"73,949"
Gulfport city, Mississippi,"72,925"
Bayonne city, New Jersey,"71,686"
Greenville city, South Carolina,"71,110"
San Marcos city, Texas,"67,782"
Redlands city, California,"73,179"
West Des Moines city, Iowa,"68,725"
Johnson City city, Tennessee,"71,060"
Lake Elsinore city, California,"70,250"
Framingham city, Massachusetts,"72,377"
Kalamazoo city, Michigan,"73,547"
Wilmington city, Delaware,"70,889"
Caldwell city, Idaho,"60,170"
Turlock city, California,"72,689"
Maple Grove city, Minnesota,"70,268"
Tulare city, California,"68,913"
St. Charles city, Missouri,"70,586"
Eau Claire city, Wisconsin,"69,449"
Harlingen city, Texas,"71,989"
St. Cloud city, Minnesota,"69,615"
Mount Vernon city, New York,"73,908"
East Orange city, New Jersey,"69,656"
Lafayette city, Indiana,"70,804"
Camden city, New Jersey,"71,775"
Dothan city, Alabama,"71,068"
Waukesha city, Wisconsin,"71,151"
North Richland Hills city, Texas,"69,912"
St. Joseph city, Missouri,"72,479"
St. Cloud city, Florida,"58,974"
Jacksonville city, North Carolina,"72,740"
Walnut Creek city, California,"70,131"
Eastvale city, California,"69,751"
Passaic city, New Jersey,"70,547"
Conway city, Arkansas,"64,154"
Gaithersburg city, Maryland,"69,629"
Weston city, Florida,"68,114"
Grand Junction city, Colorado,"65,641"
Dublin city, California,"72,526"
Ocala city, Florida,"63,678"
Commerce City city, Colorado,"62,431"
Delray Beach city, Florida,"66,846"
Camarillo city, California,"70,731"
Shawnee city, Kansas,"67,315"
Portland city, Maine,"68,409"
Idaho Falls city, Idaho,"65,622"
Schenectady city, New York,"67,039"
Jackson city, Tennessee,"68,214"
Baldwin Park city, California,"72,191"
Canton city, Ohio,"70,743"
Yuba City city, California,"70,213"
Madera city, California,"66,281"
Ames city, Iowa,"66,432"
Casa Grande city, Arizona,"53,660"
Decatur city, Illinois,"71,152"
Lodi city, California,"66,339"
Rockville city, Maryland,"67,099"
Haverhill city, Massachusetts,"67,776"
Greenwood city, Indiana,"63,822"
Rowlett city, Texas,"62,553"
Redondo Beach city, California,"71,583"
Novi city, Michigan,"66,232"
Palo Alto city, California,"68,585"
Gary city, Indiana,"69,082"
Waterloo city, Iowa,"67,309"
Alpharetta city, Georgia,"65,811"
Oshkosh city, Wisconsin,"66,895"
Eagan city, Minnesota,"68,862"
Davis city, California,"66,861"
Huntersville town, North Carolina,"61,406"
Sanford city, Florida,"61,077"
Union City city, New Jersey,"68,634"
Pflugerville city, Texas,"65,179"
Albany city, Georgia,"69,653"
Malden city, Massachusetts,"66,274"
Port Orange city, Florida,"62,621"
Yorba Linda city, California,"68,319"
Sammamish city, Washington,"67,458"
Janesville city, Wisconsin,"65,633"
Brentwood city, California,"64,291"
Shoreline city, Washington,"58,609"
Union City city, California,"70,145"
Victoria city, Texas,"65,535"
Palatine village, Illinois,"67,890"
Skokie village, Illinois,"67,824"
Waltham city, Massachusetts,"65,206"
Kyle city, Texas,"45,683"
Lorain city, Ohio,"65,218"
Cheyenne city, Wyoming,"65,187"
Parker town, Colorado,"58,495"
Muncie city, Indiana,"65,202"
Burnsville city, Minnesota,"64,324"
Bellevue city, Nebraska,"65,042"
South San Francisco city, California,"66,095"
Kenner city, Louisiana,"66,457"
North Little Rock city, Arkansas,"64,609"
Richland city, Washington,"60,575"
Millcreek city, Utah,"63,892"
Laguna Niguel city, California,"64,346"
Madison city, Alabama,"56,976"
Chapel Hill town, North Carolina,"62,264"
Hamilton city, Ohio,"63,393"
Hendersonville city, Tennessee,"61,786"
Moore city, Oklahoma,"62,808"
Coon Rapids city, Minnesota,"63,636"
Utica city, New York,"65,288"
Lynwood city, California,"67,238"
Porterville city, California,"62,983"
Palm Beach Gardens city, Florida,"59,176"
Wellington village, Florida,"61,609"
Bossier City city, Louisiana,"62,720"
Marietta city, Georgia,"61,055"
Westfield city, Indiana,"46,446"
Jupiter town, Florida,"61,098"
Woodland city, California,"61,045"
Wylie city, Texas,"57,516"
Eden Prairie city, Minnesota,"64,198"
Apopka city, Florida,"54,910"
Lakewood city, Washington,"63,608"
Council Bluffs city, Iowa,"62,781"
San Clemente city, California,"64,285"
Santa Cruz city, California,"64,230"
White Plains city, New York,"59,558"
Pontiac city, Michigan,"61,602"
Marana town, Arizona,"51,906"
Herriman city, Utah,"55,175"
North Miami city, Florida,"60,182"
Bristol city, Connecticut,"60,861"
Vineland city, New Jersey,"60,782"
Corvallis city, Oregon,"59,918"
Taunton city, Massachusetts,"59,350"
Bentonville city, Arkansas,"54,216"
Taylor city, Michigan,"63,390"
St. Peters city, Missouri,"57,729"
La Habra city, California,"63,123"
Burlington city, North Carolina,"57,369"
Blue Springs city, Missouri,"58,749"
Little Elm city, Texas,"46,468"
Springfield city, Oregon,"61,875"
Encinitas city, California,"62,001"
Dearborn Heights city, Michigan,"63,287"
Stonecrest city, Georgia,"59,189"
Meriden city, Connecticut,"60,833"
La Mesa city, California,"61,114"
Revere city, Massachusetts,"62,247"
Owensboro city, Kentucky,"60,249"
Margate city, Florida,"58,701"
Montebello city, California,"62,634"
Hanford city, California,"59,007"
Eagle Mountain city, Utah,"43,620"
Kannapolis city, North Carolina,"53,197"
Gilroy city, California,"59,533"
Smyrna town, Tennessee,"53,106"
Weymouth Town city, Massachusetts,"57,443"
Kokomo city, Indiana,"59,603"
Great Falls city, Montana,"60,478"
Euless city, Texas,"61,027"
Winter Haven city, Florida,"50,208"
San Rafael city, California,"61,284"
Medford city, Massachusetts,"59,671"
Grand Forks city, North Dakota,"59,173"
West Allis city, Wisconsin,"60,337"
Coconut Creek city, Florida,"57,829"
Hempstead village, New York,"59,185"
Beaumont city, California,"53,055"
Lenexa city, Kansas,"57,411"
Spring Hill city, Tennessee,"50,687"
Petaluma city, California,"59,799"
Brookhaven city, Georgia,"56,761"
Pico Rivera city, California,"62,081"
Hoboken city, New Jersey,"60,057"
Youngstown city, Ohio,"60,047"
Santee city, California,"60,042"
Lake Havasu City city, Arizona,"57,128"
Dubuque city, Iowa,"59,676"
Gardena city, California,"61,024"
Des Plaines city, Illinois,"60,672"
Casper city, Wyoming,"59,097"
Cupertino city, California,"60,229"
Lacey city, Washington,"56,326"
Terre Haute city, Indiana,"58,413"
Midwest City city, Oklahoma,"58,404"
National City city, California,"58,722"
Lancaster city, Pennsylvania,"58,051"
Bowie city, Maryland,"58,321"
Royal Oak city, Michigan,"58,203"
Pocatello city, Idaho,"56,324"
Bradenton city, Florida,"55,713"
Carson City, Nevada,"58,642"
Springfield city, Ohio,"58,644"
St. Clair Shores city, Michigan,"58,872"
Orland Park village, Illinois,"58,723"
Monterey Park city, California,"61,109"
Decatur city, Alabama,"57,321"
Bozeman city, Montana,"53,563"
Texas City city, Texas,"51,905"
Taylorsville city, Utah,"60,439"
Sarasota city, Florida,"54,851"
Southaven city, Mississippi,"54,645"
New Brunswick city, New Jersey,"55,256"
Saratoga Springs city, Utah,"37,702"
Coeur d'Alene city, Idaho,"54,651"
Tigard city, Oregon,"54,830"
Smyrna city, Georgia,"56,199"
Albany city, Oregon,"56,332"
Bonita Springs city, Florida,"53,665"
Kingsport city, Tennessee,"55,535"
Kettering city, Ohio,"57,860"
Perth Amboy city, New Jersey,"55,437"
Logan city, Utah,"52,842"
Wake Forest town, North Carolina,"48,006"
DeSoto city, Texas,"56,108"
Bartlett city, Tennessee,"57,792"
Oak Lawn village, Illinois,"58,367"
Plainfield city, New Jersey,"54,600"
Highland city, California,"56,960"
Olympia city, Washington,"55,367"
Lincoln city, California,"49,748"
Burleson city, Texas,"47,640"
Fountain Valley city, California,"57,049"
West Sacramento city, California,"53,922"
Anderson city, Indiana,"54,848"
Port Arthur city, Texas,"56,033"
Valdosta city, Georgia,"55,392"
Twin Falls city, Idaho,"51,843"
San Jacinto city, California,"53,896"
Mount Prospect village, Illinois,"56,862"
Peabody city, Massachusetts,"54,501"
Chicopee city, Massachusetts,"55,566"
West Haven city, Connecticut,"55,580"
Apple Valley city, Minnesota,"56,367"
Berwyn city, Illinois,"57,233"
Tinley Park village, Illinois,"56,004"
Kentwood city, Michigan,"54,295"
Manhattan city, Kansas,"54,104"
Fulshear city, Texas,"16,699"
Rocky Mount city, North Carolina,"54,394"
Arcadia city, California,"56,673"
Yucaipa city, California,"54,551"
Methuen city, Massachusetts,"53,019"
Pensacola city, Florida,"54,319"
Wheaton city, Illinois,"54,012"
Elkhart city, Indiana,"53,937"
Joplin city, Missouri,"51,768"
Elyria city, Ohio,"52,668"
Edina city, Minnesota,"53,480"
Rockwall city, Texas,"47,314"
Galveston city, Texas,"53,695"
Colton city, California,"53,889"
Pinellas Park city, Florida,"53,110"
Placentia city, California,"52,726"
Normal town, Illinois,"53,017"
Grand Island city, Nebraska,"53,134"
Delano city, California,"51,424"
Palm Desert city, California,"51,165"
West New York town, New Jersey,"52,835"
Oak Park village, Illinois,"54,773"
Jeffersonville city, Indiana,"49,456"
Mooresville town, North Carolina,"50,295"
Minnetonka city, Minnesota,"53,812"
Summerville town, South Carolina,"50,841"
Cathedral City city, California,"51,501"
Gallatin city, Tennessee,"44,453"
Novato city, California,"53,210"
Diamond Bar city, California,"55,190"
Middletown city, Ohio,"50,986"
Battle Creek city, Michigan,"52,754"
Huntington Park city, California,"54,885"
Burien city, Washington,"52,072"
Columbus city, Indiana,"50,492"
Collierville town, Tennessee,"51,325"
Everett city, Massachusetts,"49,078"
Dunwoody city, Georgia,"51,645"
Bothell city, Washington,"48,154"
Celina city, Texas,"16,883"
Lebanon city, Tennessee,"38,486"
Prescott Valley town, Arizona,"46,745"
Newark city, Ohio,"49,970"
Watsonville city, California,"52,583"
Grapevine city, Texas,"50,632"
Florissant city, Missouri,"52,545"
Ocoee city, Florida,"47,336"
Paramount city, California,"53,749"
Harrisonburg city, Virginia,"51,811"
Troy city, New York,"51,405"
La Crosse city, Wisconsin,"52,687"
Mishawaka city, Indiana,"51,095"
Milford city (balance), Connecticut,"50,544"
Cuyahoga Falls city, Ohio,"51,116"
Hoffman Estates village, Illinois,"52,539"
Clermont city, Florida,"43,033"
Murray city, Utah,"50,637"
Fort Pierce city, Florida,"47,575"
Harrisburg city, Pennsylvania,"50,080"
Downers Grove village, Illinois,"50,276"
Enid city, Oklahoma,"51,282"
Aliso Viejo city, California,"52,173"
Coral Gables city, Florida,"49,242"
Goose Creek city, South Carolina,"45,972"
Cleveland city, Tennessee,"47,799"
Sherman city, Texas,"43,671"
Draper city, Utah,"51,025"
Stillwater city, Oklahoma,"48,380"
Glendora city, California,"52,580"
Portage city, Michigan,"48,876"
St. Louis Park city, Minnesota,"50,010"
Titusville city, Florida,"48,797"
Barnstable Town city, Massachusetts,"48,914"
Leesburg town, Virginia,"48,307"
Lawrence city, Indiana,"49,374"
San Luis Obispo city, California,"47,106"
Sheboygan city, Wisconsin,"49,938"
Cedar Hill city, Texas,"49,151"
Rosemead city, California,"51,178"
Lakewood city, Ohio,"50,940"
Huntsville city, Texas,"45,823"
Chesterfield city, Missouri,"49,992"
Dublin city, Ohio,"49,315"
Poway city, California,"48,833"
Cypress city, California,"50,148"
Ceres city, California,"49,715"
Covina city, California,"51,270"
East Lansing city, Michigan,"48,083"
Plainfield village, Illinois,"44,901"
Oro Valley town, Arizona,"47,072"
Columbia city, Tennessee,"41,615"
Wauwatosa city, Wisconsin,"48,383"
Winter Garden city, Florida,"47,400"
Bedford city, Texas,"49,949"
Los Banos city, California,"45,566"
Holly Springs town, North Carolina,"41,264"
Wentzville city, Missouri,"44,932"
Waxahachie city, Texas,"41,127"
Middletown city, Connecticut,"47,727"
Wilson city, North Carolina,"48,456"
Hattiesburg city, Mississippi,"48,738"
Euclid city, Ohio,"49,689"
Shakopee city, Minnesota,"43,710"
Azusa city, California,"50,349"
Prescott city, Arizona,"45,903"
Biloxi city, Mississippi,"49,442"
Beavercreek city, Ohio,"46,562"
East Providence city, Rhode Island,"47,130"
Brea city, California,"47,300"
Spanish Fork city, Utah,"42,621"
Urbandale city, Iowa,"45,577"
Gainesville city, Georgia,"41,976"
Glenview village, Illinois,"48,721"
Mansfield city, Ohio,"47,530"
Niagara Falls city, New York,"48,668"
Minot city, North Dakota,"48,386"
Olive Branch city, Mississippi,"46,395"
Altamonte Springs city, Florida,"46,254"
Roswell city, New Mexico,"48,448"
Sayreville borough, New Jersey,"45,337"
Oakley city, California,"43,354"
Mentor city, Ohio,"47,442"
Attleboro city, Massachusetts,"46,471"
Roseville city, Michigan,"47,713"
Cerritos city, California,"49,566"
Binghamton city, New York,"47,945"
Riverton city, Utah,"45,290"
Keller city, Texas,"45,764"
Hackensack city, New Jersey,"46,032"
Monroe city, Louisiana,"47,706"
Delaware city, Ohio,"41,327"
Charleston city, West Virginia,"48,810"
Mankato city, Minnesota,"44,575"
La Mirada city, California,"48,682"
Rancho Santa Margarita city, California,"47,960"
West Lafayette city, Indiana,"44,503"
North Lauderdale city, Florida,"44,790"
Fuquay-Varina town, North Carolina,"34,265"
Greer city, South Carolina,"35,378"
Farmington city, New Mexico,"46,608"
Newark city, California,"47,524"
Salina city, Kansas,"46,878"
Elmhurst city, Illinois,"45,784"
Morgan Hill city, California,"45,479"
The Colony city, Texas,"44,534"
Cutler Bay town, Florida,"45,427"
Post Falls city, Idaho,"38,605"
Haltom City city, Texas,"46,083"
Oakland Park city, Florida,"44,321"
Strongsville city, Ohio,"46,487"
Moorhead city, Minnesota,"44,511"
Salem city, Massachusetts,"44,474"
North Miami Beach city, Florida,"43,669"
DeLand city, Florida,"37,791"
Newnan city, Georgia,"42,518"
Brentwood city, Tennessee,"45,384"
Palm Springs city, California,"44,575"
Blacksburg town, Virginia,"44,834"
Linden city, New Jersey,"43,746"
Bremerton city, Washington,"43,506"
York city, Pennsylvania,"44,793"
Greenacres city, Florida,"44,016"
Coachella city, California,"41,938"
Fairfield city, Ohio,"44,898"
Hickory city, North Carolina,"43,601"
Hollister city, California,"41,683"
Bountiful city, Utah,"45,773"
Huntington city, West Virginia,"46,841"
Rohnert Park city, California,"44,403"
Littleton city, Colorado,"45,665"
Charlottesville city, Virginia,"46,513"
Sierra Vista city, Arizona,"45,322"
Concord city, New Hampshire,"43,996"
Wilkes-Barre city, Pennsylvania,"44,349"
Ormond Beach city, Florida,"43,073"
Woonsocket city, Rhode Island,"43,224"
Prosper town, Texas,"30,166"
Lombard village, Illinois,"44,509"
Fond du Lac city, Wisconsin,"44,694"
Burlington city, Vermont,"44,743"
Schertz city, Texas,"42,024"
Lake Worth Beach city, Florida,"42,202"
Apache Junction city, Arizona,"38,515"
El Centro city, California,"44,536"
Leominster city, Massachusetts,"43,792"
Midlothian city, Texas,"35,134"
Mount Juliet city, Tennessee,"39,312"
Cleveland Heights city, Ohio,"45,314"
Freeport village, New York,"44,472"
Grove City city, Ohio,"41,248"
Hagerstown city, Maryland,"43,546"
Woburn city, Massachusetts,"40,881"
Indian Trail town, North Carolina,"40,091"
Weslaco city, Texas,"40,195"
Kiryas Joel village, New York,"32,960"
Manassas city, Virginia,"42,773"
Lompoc city, California,"44,444"
Huber Heights city, Ohio,"43,429"
Brighton city, Colorado,"40,072"
Danville town, California,"43,575"
Bullhead City city, Arizona,"41,352"
Beverly city, Massachusetts,"42,674"
Alexandria city, Louisiana,"45,262"
Pittsfield city, Massachusetts,"43,959"
Buffalo Grove village, Illinois,"43,199"
Plant City city, Florida,"39,852"
Hallandale Beach city, Florida,"41,210"
Saginaw city, Michigan,"44,207"
Sumter city, South Carolina,"43,488"
Reynoldsburg city, Ohio,"41,083"
Campbell city, California,"43,957"
Edmonds city, Washington,"42,853"
Owasso city, Oklahoma,"38,313"
Shelton city, Connecticut,"40,880"
Midland city, Michigan,"42,664"
Cottage Grove city, Minnesota,"38,835"
Altoona city, Pennsylvania,"43,951"
Florence city, Alabama,"40,178"
Hutto city, Texas,"27,586"
Peachtree Corners city, Georgia,"42,265"
Rosenberg city, Texas,"38,252"
Jefferson City city, Missouri,"43,237"
Puyallup city, Washington,"42,977"
Marion city, Iowa,"41,552"
Moline city, Illinois,"42,983"
Marlborough city, Massachusetts,"41,800"
Fitchburg city, Massachusetts,"41,948"
Haines City city, Florida,"27,540"
San Bruno city, California,"43,891"
Danville city, Virginia,"42,586"
Royal Palm Beach village, Florida,"39,441"
Oviedo city, Florida,"40,059"
Coppell city, Texas,"42,982"
Windsor town, Colorado,"32,722"
Lancaster city, Ohio,"40,535"
Covington city, Kentucky,"40,953"
Lynnwood city, Washington,"38,571"
Crystal Lake city, Illinois,"40,264"
Milton city, Georgia,"41,291"
La Vergne city, Tennessee,"38,709"
Cedar Falls city, Iowa,"40,728"
Lake Stevens city, Washington,"38,930"
American Fork city, Utah,"33,378"
Friendswood city, Texas,"41,065"
Brookfield city, Wisconsin,"41,465"
State College borough, Pennsylvania,"40,787"
Stanton city, California,"37,949"
Romeoville village, Illinois,"40,803"
Hobbs city, New Mexico,"40,523"
West Fargo city, North Dakota,"38,636"
Amherst Town city, Massachusetts,"39,264"
Florence city, South Carolina,"40,109"
Tooele city, Utah,"35,744"
Cedar City city, Utah,"35,248"
Kearny town, New Jersey,"42,004"
Lathrop city, California,"28,730"
Cape Girardeau city, Missouri,"39,556"
Lancaster city, Texas,"41,281"
Peachtree City city, Georgia,"38,255"
Bartlett village, Illinois,"41,126"
Menomonee Falls village, Wisconsin,"38,522"
Rexburg city, Idaho,"39,790"
Annapolis city, Maryland,"40,799"
Fort Lee borough, New Jersey,"40,172"
Belleville city, Illinois,"42,386"
Douglasville city, Georgia,"34,652"
Myrtle Beach city, South Carolina,"35,696"
Aventura city, Florida,"40,234"
Georgetown city, Kentucky,"37,551"
DeKalb city, Illinois,"40,304"
Westfield city, Massachusetts,"40,824"
Findlay city, Ohio,"40,297"
New Berlin city, Wisconsin,"40,449"
Bettendorf city, Iowa,"39,101"
Wausau city, Wisconsin,"40,034"
Chelsea city, Massachusetts,"40,746"
Valley Stream village, New York,"40,637"
Dover city, Delaware,"39,498"
Maplewood city, Minnesota,"42,086"
Prattville city, Alabama,"37,731"
Germantown city, Tennessee,"41,335"
San Luis city, Arizona,"35,467"
Rancho Palos Verdes city, California,"42,279"
Monroe city, North Carolina,"34,626"
Lake Oswego city, Oregon,"40,845"
Norwich city, Connecticut,"40,126"
La Quinta city, California,"37,647"
Culver City city, California,"40,820"
Urbana city, Illinois,"38,988"
Winter Springs city, Florida,"38,357"
Parkland city, Florida,"34,673"
Issaquah city, Washington,"40,073"
Copperas Cove city, Texas,"36,668"
Riviera Beach city, Florida,"37,592"
Spartanburg city, South Carolina,"38,727"
Richmond city, Kentucky,"35,150"
Hutchinson city, Kansas,"40,018"
Carol Stream village, Illinois,"39,851"
Hurst city, Texas,"40,417"
Grants Pass city, Oregon,"39,191"
Kearns metro township, Utah,"36,722"
Weatherford city, Texas,"30,902"
Woodstock city, Georgia,"35,095"
Garner town, North Carolina,"31,383"
Sun Prairie city, Wisconsin,"35,972"
Duncanville city, Texas,"40,707"
Keizer city, Oregon,"39,363"
Braintree Town city, Massachusetts,"39,146"
Syracuse city, Utah,"32,140"
Atlantic City city, New Jersey,"38,489"
Hilliard city, Ohio,"37,168"
Seguin city, Texas,"29,447"
Quincy city, Illinois,"39,637"
Pine Bluff city, Arkansas,"41,255"
Oswego village, Illinois,"34,623"
Lincoln Park city, Michigan,"40,258"
Lewiston city, Maine,"37,124"
Rome city, Georgia,"37,929"
Calexico city, California,"38,616"
Roy city, Utah,"39,305"
Warren city, Ohio,"39,248"
Socorro city, Texas,"34,301"
Westerville city, Ohio,"39,192"
Erie town, Colorado,"30,053"
Portage city, Indiana,"37,933"
Forney city, Texas,"23,493"
Phenix City city, Alabama,"38,817"
Park Ridge city, Illinois,"39,645"
Estero village, Florida,"36,948"
Oak Creek city, Wisconsin,"36,507"
Streamwood village, Illinois,"39,597"
Bartlesville city, Oklahoma,"37,281"
Wheeling village, Illinois,"39,186"
Oregon City city, Oregon,"37,585"
Longview city, Washington,"37,819"
Northglenn city, Colorado,"38,111"
East Point city, Georgia,"38,362"
Hilton Head Island town, South Carolina,"37,662"
Vestavia Hills city, Alabama,"39,160"
Cleburne city, Texas,"31,287"
Pleasant Grove city, Utah,"37,715"
Benton city, Arkansas,"35,020"
Canton city, Georgia,"32,946"
La Porte city, Texas,"35,128"
Hot Springs city, Arkansas,"37,898"
Adelanto city, California,"38,035"
San Gabriel city, California,"39,578"
Holyoke city, Massachusetts,"38,248"
Cibolo city, Texas,"32,262"
Leesburg city, Florida,"27,011"
Plainfield town, Indiana,"34,649"
Monrovia city, California,"37,934"
Tupelo city, Mississippi,"37,919"
Kennesaw city, Georgia,"33,236"
Wildomar city, California,"36,889"
New Albany city, Indiana,"37,819"
Montclair city, California,"37,890"
Redmond city, Oregon,"33,288"
Bell Gardens city, California,"39,513"
Clovis city, New Mexico,"38,553"
North Ridgeville city, Ohio,"35,281"
Sahuarita town, Arizona,"34,100"
Leavenworth city, Kansas,"37,350"
Farmers Branch city, Texas,"35,572"
San Juan city, Texas,"35,325"
Lauderdale Lakes city, Florida,"35,960"
Muskegon city, Michigan,"37,228"
Greenfield city, Wisconsin,"37,788"
Tucker city, Georgia,"37,119"
Carpentersville village, Illinois,"37,988"
Cookeville city, Tennessee,"34,825"
Pacifica city, California,"38,661"
Panama City city, Florida,"33,047"
Princeton city, Texas,"17,065"
Martinez city, California,"37,268"
Merrillville town, Indiana,"36,444"
Muskogee city, Oklahoma,"36,846"
Hanover Park village, Illinois,"37,463"
La Puente city, California,"38,061"
Beloit city, Wisconsin,"36,689"
Franklin city, Wisconsin,"36,142"
Hinesville city, Georgia,"34,892"
Salisbury city, North Carolina,"35,539"
Richfield city, Minnesota,"37,002"
Fair Lawn borough, New Jersey,"34,930"
El Mirage city, Arizona,"35,799"
Rock Island city, Illinois,"37,103"
Fort Mill town, South Carolina,"24,529"
Inver Grove Heights city, Minnesota,"35,813"
Midvale city, Utah,"36,024"
Bluffton town, South Carolina,"27,703"
Upper Arlington city, Ohio,"36,793"
Claremont city, California,"37,494"
Norristown borough, Pennsylvania,"35,744"
Mason city, Ohio,"34,804"
Springville city, Utah,"35,272"
Watertown city, Massachusetts,"35,338"
Texarkana city, Texas,"36,243"
Dunedin city, Florida,"36,088"
Stockbridge city, Georgia,"35,668"
Addison village, Illinois,"35,696"
Torrington city, Connecticut,"35,503"
Roseville city, Minnesota,"36,270"
Moorpark city, California,"36,290"
Marion city, Ohio,"36,053"
Richmond city, Indiana,"35,754"
Gahanna city, Ohio,"35,727"
Cooper City city, Florida,"34,398"
Washington city, Utah,"27,996"
Butte-Silver Bow (balance), Montana,"34,494"
San Juan Capistrano city, California,"35,197"
Wenatchee city, Washington,"35,626"
Kingman city, Arizona,"32,689"
Mount Vernon city, Washington,"35,234"
Harker Heights city, Texas,"33,090"
McMinnville city, Oregon,"34,349"
Englewood city, Colorado,"33,639"
Statesboro city, Georgia,"33,427"
Brunswick city, Ohio,"35,407"
University Place city, Washington,"34,872"
Randolph Town city, Massachusetts,"35,028"
Fairborn city, Ohio,"34,524"
Crown Point city, Indiana,"33,899"
Wildwood city, Missouri,"35,418"
Valparaiso city, Indiana,"34,161"
Holland city, Michigan,"34,374"
Opelika city, Alabama,"31,005"
Temple City city, California,"36,460"
Dalton city, Georgia,"34,461"
Calumet City city, Illinois,"36,043"
Clearfield city, Utah,"31,902"
Long Beach city, New York,"35,046"
Kearney city, Nebraska,"33,800"
Helena city, Montana,"32,112"
Lewiston city, Idaho,"34,210"
Lima city, Ohio,"35,531"
Del Rio city, Texas,"34,715"
College Park city, Maryland,"34,759"
Goldsboro city, North Carolina,"34,255"
Manitowoc city, Wisconsin,"34,646"
Elizabethtown city, Kentucky,"31,392"
Northbrook village, Illinois,"35,266"
Deer Park city, Texas,"34,500"
Alabaster city, Alabama,"33,342"
Goshen city, Indiana,"34,514"
Leland town, North Carolina,"23,377"
Waukee city, Iowa,"23,949"
Lufkin city, Texas,"34,173"
West Hollywood city, California,"35,810"
Cornelius town, North Carolina,"31,419"
Fitchburg city, Wisconsin,"30,983"
Greenville city, Texas,"28,147"
University City city, Missouri,"35,232"
Westlake city, Ohio,"34,238"
New Bern city, North Carolina,"31,317"
Pleasant Hill city, California,"34,611"
Woodridge village, Illinois,"34,153"
Stow city, Ohio,"34,490"
Petersburg city, Virginia,"33,465"
Chester city, Pennsylvania,"32,724"
Oak Ridge city, Tennessee,"31,406"
SeaTac city, Washington,"31,439"
Leawood city, Kansas,"33,896"
Eastpointe city, Michigan,"34,329"
Desert Hot Springs city, California,"32,532"
Dover city, New Hampshire,"32,749"
Walla Walla city, Washington,"34,275"
Gillette city, Wyoming,"33,423"
Ithaca city, New York,"32,107"
Florence city, Kentucky,"31,985"
Franklin Town city, Massachusetts,"33,271"
Spring Valley village, New York,"33,066"
Salisbury city, Maryland,"32,984"
Rochester city, New Hampshire,"32,496"
LaGrange city, Georgia,"30,879"
Meridian city, Mississippi,"35,053"
Pullman city, Washington,"32,905"
Garfield city, New Jersey,"32,651"
St. Charles city, Illinois,"33,126"
Nicholasville city, Kentucky,"31,108"
Manhattan Beach city, California,"35,499"
Eagle city, Idaho,"31,141"
Brownsburg town, Indiana,"29,013"
Andover city, Minnesota,"32,598"
Sherwood city, Arkansas,"32,759"
Bella Vista city, Arkansas,"30,082"
Kaysville city, Utah,"32,971"
Miami Lakes town, Florida,"30,460"
San Dimas city, California,"34,908"
Long Branch city, New Jersey,"31,660"
Des Moines city, Washington,"32,915"
Zionsville town, Indiana,"30,602"
Duluth city, Georgia,"31,954"
New Smyrna Beach city, Florida,"30,254"
Gadsden city, Alabama,"33,911"
Dania Beach city, Florida,"31,774"
Menlo Park city, California,"33,782"
Sachse city, Texas,"27,111"
Morristown city, Tennessee,"30,446"
Sanford city, North Carolina,"30,197"
Laramie city, Wyoming,"31,413"
Los Gatos town, California,"33,542"
Savage city, Minnesota,"32,453"
Glendale Heights village, Illinois,"33,179"
McDonough city, Georgia,"29,085"
Massillon city, Ohio,"32,039"
Aiken city, South Carolina,"32,126"
Foster City city, California,"33,809"
Mundelein village, Illinois,"31,576"
Morrisville town, North Carolina,"29,811"
Goleta city, California,"32,692"
Athens city, Alabama,"25,434"
Dana Point city, California,"33,108"
Bangor city, Maine,"31,740"
Cottonwood Heights city, Utah,"33,612"
Nacogdoches city, Texas,"32,153"
Bethel Park municipality, Pennsylvania,"33,565"
Maryville city, Tennessee,"31,920"
Chamblee city, Georgia,"30,150"
Poughkeepsie city, New York,"31,593"
Atwater city, California,"31,975"
O'Fallon city, Illinois,"32,432"
West Bend city, Wisconsin,"31,746"
Naugatuck borough, Connecticut,"31,581"
Shawnee city, Oklahoma,"31,274"
Bay City city, Michigan,"32,666"
Westfield town, New Jersey,"31,039"
Matthews town, North Carolina,"29,427"
Wheat Ridge city, Colorado,"32,401"
Carlsbad city, New Mexico,"32,216"
Rome city, New York,"32,125"
Anna city, Texas,"17,073"
Bell city, California,"33,561"
Banning city, California,"29,515"
Lawrenceville city, Georgia,"30,634"
Elk Grove Village village, Illinois,"32,821"
Santa Paula city, California,"30,680"
Brooklyn Center city, Minnesota,"33,782"
Fairbanks city, Alaska,"32,518"
Clayton town, North Carolina,"26,321"
Bixby city, Oklahoma,"28,595"
Statesville city, North Carolina,"28,463"
North Olmsted city, Ohio,"32,439"
Houma city, Louisiana,"33,411"
Alamogordo city, New Mexico,"30,933"
Casselberry city, Florida,"28,775"
Juneau city and borough, Alaska,"32,250"
El Paso de Robles (Paso Robles) city, California,"31,497"
San Pablo city, California,"32,125"
Seaside city, California,"32,381"
Southlake city, Texas,"31,268"
Northport city, Alabama,"31,198"
Michigan City city, Indiana,"32,070"
Princeton, New Jersey,"30,689"
Rockledge city, Florida,"27,683"
Converse city, Texas,"27,712"
Magna metro township, Utah,"29,251"
West Melbourne city, Florida,"25,934"
Harrison village, New York,"28,207"
Northampton city, Massachusetts,"29,567"
Kalispell city, Montana,"25,078"
Pekin city, Illinois,"31,890"
Liberty city, Missouri,"30,158"
North Attleborough Town city, Massachusetts,"30,823"
Pooler city, Georgia,"25,611"
Ballwin city, Missouri,"31,694"
Beverly Hills city, California,"32,699"
Port Chester village, New York,"31,747"
Anderson city, South Carolina,"29,441"
Jackson city, Michigan,"31,314"
North Royalton city, Ohio,"31,328"
Burlingame city, California,"31,385"
Los Altos city, California,"31,466"
Winter Park city, Florida,"29,805"
Hopkinsville city, Kentucky,"31,169"
Highland Park city, Illinois,"30,188"
Rahway city, New Jersey,"29,550"
Daphne city, Alabama,"27,472"
Enterprise city, Alabama,"28,700"
Crestview city, Florida,"27,426"
Paragould city, Arkansas,"29,551"
Fridley city, Minnesota,"29,580"
North Chicago city, Illinois,"30,762"
Holladay city, Utah,"31,960"
Lafayette city, Colorado,"30,377"
Rosemount city, Minnesota,"25,648"
Gurnee village, Illinois,"30,716"
Algonquin village, Illinois,"29,708"
Newark city, Delaware,"30,621"
Gloucester city, Massachusetts,"29,736"
Morgantown city, West Virginia,"30,068"
Saratoga city, California,"31,045"
Bowling Green city, Ohio,"30,800"
Woodburn city, Oregon,"26,093"
Oakdale city, Minnesota,"28,298"
Easton city, Pennsylvania,"28,127"
Laguna Hills city, California,"31,367"
Hazleton city, Pennsylvania,"29,939"
Laurel city, Maryland,"30,067"
Englewood city, New Jersey,"29,309"
Independence city, Kentucky,"28,690"
La Verne city, California,"31,589"
Middletown city, New York,"30,361"
Chaska city, Minnesota,"27,807"
Central city, Louisiana,"29,569"
Lawndale city, California,"31,821"
Fredericksburg city, Virginia,"27,976"
North Tonawanda city, New York,"30,495"
Melrose city, Massachusetts,"29,821"
Niles village, Illinois,"30,905"
Venice city, Florida,"25,466"
Alvin city, Texas,"27,057"
Schererville town, Indiana,"29,660"
Mauldin city, South Carolina,"24,755"
Atascadero city, California,"29,777"
Conway city, South Carolina,"25,035"
Suisun City city, California,"29,517"
Fountain city, Colorado,"29,801"
Russellville city, Arkansas,"28,931"
Burton city, Michigan,"29,709"
Hobart city, Indiana,"29,741"
San Carlos city, California,"30,734"
Oak Park city, Michigan,"29,570"
Jeffersontown city, Kentucky,"29,322"
Kirkwood city, Missouri,"29,469"
East Palo Alto city, California,"30,035"
Galesburg city, Illinois,"30,042"
Marysville city, Ohio,"25,585"
Raytown city, Missouri,"30,013"
Bridgewater Town city, Massachusetts,"28,627"
Jacksonville city, Arkansas,"29,483"
Kuna city, Idaho,"24,080"
Southgate city, Michigan,"30,015"
West Springfield Town city, Massachusetts,"28,832"
Monterey city, California,"30,226"
Garfield Heights city, Ohio,"29,791"
Ramsey city, Minnesota,"27,636"
Happy Valley city, Oregon,"23,799"
Bergenfield borough, New Jersey,"28,340"
Texarkana city, Arkansas,"29,391"
Glen Ellyn village, Illinois,"28,997"
Parkersburg city, West Virginia,"29,749"
McHenry city, Illinois,"27,323"
Mint Hill town, North Carolina,"26,449"
Williston city, North Dakota,"29,169"
Eagle Pass city, Texas,"28,152"
Kernersville town, North Carolina,"26,521"
Agawam Town city, Massachusetts,"28,692"
Saratoga Springs city, New York,"28,511"
Lake in the Hills village, Illinois,"28,984"
Shaker Heights city, Ohio,"29,448"
Madison Heights city, Michigan,"28,466"
Frankfort city, Kentucky,"28,609"
Burbank city, Illinois,"29,461"
Sugar Hill city, Georgia,"25,075"
Maple Valley city, Washington,"28,010"
Palm Springs village, Florida,"26,868"
Huntley village, Illinois,"27,746"
New Lenox village, Illinois,"27,206"
Pearl city, Mississippi,"27,061"
Slidell city, Louisiana,"28,688"
Ridgecrest city, California,"27,960"
Port Huron city, Michigan,"28,974"
Carrollton city, Georgia,"26,798"
Marion city, Indiana,"28,321"
Madison city, Mississippi,"27,749"
Union City city, Georgia,"26,858"
Fremont city, Nebraska,"27,135"
Brawley city, California,"26,521"
Mount Pleasant village, Wisconsin,"27,725"
Newburgh city, New York,"28,864"
Lake Jackson city, Texas,"28,182"
Lansing village, Illinois,"29,079"
Glen Cove city, New York,"28,372"
New London city, Connecticut,"27,371"
Simpsonville city, South Carolina,"23,385"
Foley city, Alabama,"20,622"
Tualatin city, Oregon,"27,947"
Prior Lake city, Minnesota,"27,613"
Garden City city, Kansas,"28,151"
Danville city, Illinois,"29,204"
Monroeville municipality, Pennsylvania,"28,646"
Asheboro city, North Carolina,"27,195"
Homewood city, Alabama,"26,419"
Aberdeen city, South Dakota,"28,495"
Wilsonville city, Oregon,"26,697"
Marshalltown city, Iowa,"27,592"
Jenks city, Oklahoma,"25,946"
Lemon Grove city, California,"27,781"
Bristol city, Tennessee,"27,133"
Millville city, New Jersey,"27,495"
Tumwater city, Washington,"26,044"
Winchester city, Virginia,"28,115"
Henderson city, Kentucky,"28,200"
Katy city, Texas,"21,859"
Bridgeton city, New Jersey,"27,275"
Kent city, Ohio,"28,207"
Jamestown city, New York,"28,704"
Maryland Heights city, Missouri,"28,300"
Dodge City city, Kansas,"27,797"
Williamsport city, Pennsylvania,"27,770"
Elk River city, Minnesota,"25,839"
Thomasville city, North Carolina,"27,126"
Allen Park city, Michigan,"28,640"
Temple Terrace city, Florida,"26,721"
Gladstone city, Missouri,"27,066"
Cabot city, Arkansas,"26,572"
Neenah city, Wisconsin,"27,330"
Green city, Ohio,"27,481"
Fate city, Texas,"17,976"
Wilmette village, Illinois,"28,173"
Hamtramck city, Michigan,"28,435"
Wasco city, California,"27,053"
Camas city, Washington,"26,107"
Balch Springs city, Texas,"27,707"
Walnut city, California,"28,438"
Lindenhurst village, New York,"27,146"
Newberg city, Oregon,"25,449"
Belmont city, California,"28,335"
Troy city, Ohio,"26,337"
Round Lake Beach village, Illinois,"27,262"
Sebastian city, Florida,"25,034"
Trussville city, Alabama,"26,127"
Forest Grove city, Oregon,"26,214"
Yukon city, Oklahoma,"23,640"
Lemoore city, California,"27,061"
Greenville city, Mississippi,"29,700"
Vernon Hills village, Illinois,"26,858"
Easley city, South Carolina,"22,961"
South Portland city, Maine,"26,500"
Wooster city, Ohio,"27,246"
Moses Lake city, Washington,"25,355"
Mason City city, Iowa,"27,351"
Shoreview city, Minnesota,"26,931"
Lockport city, Illinois,"26,096"
Ossining village, New York,"27,533"
Moscow city, Idaho,"25,456"
Granite City city, Illinois,"27,566"
New Iberia city, Louisiana,"28,519"
Oak Forest city, Illinois,"27,475"
Oxford city, Mississippi,"25,427"
Paramus borough, New Jersey,"26,692"
Edwardsville city, Illinois,"26,845"
Paducah city, Kentucky,"27,130"
Ridgewood village, New Jersey,"25,975"
Austin city, Minnesota,"26,183"
Sanger city, California,"26,780"
Grandview city, Missouri,"26,199"
Owatonna city, Minnesota,"26,424"
Superior city, Wisconsin,"26,748"
Clinton city, Mississippi,"28,092"
Derby city, Kansas,"25,660"
West Linn city, Oregon,"27,373"
Galt city, California,"25,643"
Horn Lake city, Mississippi,"26,733"
Twentynine Palms city, California,"28,065"
South Salt Lake city, Utah,"26,765"
Batavia city, Illinois,"26,505"
Chicago Heights city, Illinois,"27,480"
Hercules city, California,"26,019"
Benicia city, California,"27,135"
Stevens Point city, Wisconsin,"25,681"
Lebanon city, Pennsylvania,"26,808"
Denison city, Texas,"24,459"
Plum borough, Pennsylvania,"27,161"
Garden City city, Michigan,"27,388"
El Cerrito city, California,"25,957"
North Augusta city, South Carolina,"24,430"
Royse City city, Texas,"13,561"
Staunton city, Virginia,"25,751"
Lodi borough, New Jersey,"26,200"
Nixa city, Missouri,"23,264"
Soledad city, California,"26,918"
Avon Lake city, Ohio,"25,202"
Fairfax city, Virginia,"24,147"
Centerville city, Ohio,"24,194"
Greenfield city, Indiana,"23,461"
Elmira city, New York,"26,516"
Melissa city, Texas,"13,901"
Cliffside Park borough, New Jersey,"25,703"
Winona city, Minnesota,"26,001"
Tarpon Springs city, Florida,"25,140"
Farmington city, Utah,"24,527"
Norfolk city, Nebraska,"25,908"
Franklin city, Indiana,"25,333"
Reedley city, California,"25,220"
Saginaw city, Texas,"23,903"
Xenia city, Ohio,"25,435"
Wheeling city, West Virginia,"26,986"
Auburn Hills city, Michigan,"24,365"
Fairhope city, Alabama,"22,469"
Colleyville city, Texas,"26,051"
Carteret borough, New Jersey,"25,330"
Yorkville city, Illinois,"21,617"
Auburn city, New York,"26,876"
Raymore city, Missouri,"22,925"
Walker city, Michigan,"25,138"
Salem city, Virginia,"25,341"
Woodstock city, Illinois,"25,676"
Brandon city, Mississippi,"25,097"
Belton city, Missouri,"23,980"
Windsor town, California,"26,362"
Starkville city, Mississippi,"25,726"
Gardner city, Kansas,"23,345"
Dinuba city, California,"24,615"
Pickerington city, Ohio,"23,079"
Shelbyville city, Tennessee,"23,582"
East Chicago city, Indiana,"26,380"
Muskego city, Wisconsin,"25,039"
Peekskill city, New York,"25,442"
Medina city, Ohio,"26,079"
Chanhassen city, Minnesota,"25,950"
Centerton city, Arkansas,"17,870"
Rockville Centre village, New York,"26,005"
Dickinson city, North Dakota,"25,675"
Middletown town, Delaware,"23,201"
South Pasadena city, California,"26,932"
Ottumwa city, Iowa,"25,545"
Belton city, Texas,"23,041"
Riverbank city, California,"24,946"
Corsicana city, Texas,"25,117"
Avon city, Ohio,"24,844"
Imperial Beach city, California,"26,129"
Fernley city, Nevada,"22,896"
Patterson city, California,"23,790"
West Chicago city, Illinois,"25,624"
De Pere city, Wisconsin,"25,412"
Eureka city, California,"26,539"
Palmetto Bay village, Florida,"24,445"
Norco city, California,"26,299"
Pelham city, Alabama,"24,164"
Lafayette city, California,"25,392"
Lexington town, South Carolina,"23,553"
Mequon city, Wisconsin,"25,147"
Belvidere city, Illinois,"25,333"
Perrysburg city, Ohio,"25,034"
Mercer Island city, Washington,"25,754"
University Park city, Texas,"25,279"
Papillion city, Nebraska,"25,345"
Farragut town, Tennessee,"23,508"
Key West city, Florida,"26,437"
Caledonia village, Wisconsin,"25,354"
Auburn city, Maine,"24,067"
Mountlake Terrace city, Washington,"21,290"
Loma Linda city, California,"24,816"
Herndon town, Virginia,"24,649"
Hastings city, Nebraska,"25,136"
Kerrville city, Texas,"24,297"
Columbus city, Nebraska,"24,044"
Inkster city, Michigan,"26,077"
Cartersville city, Georgia,"23,156"
Bessemer city, Alabama,"26,070"
Norton Shores city, Michigan,"25,034"
Eustis city, Florida,"23,209"
Ardmore city, Oklahoma,"24,720"
South Plainfield borough, New Jersey,"24,330"
Paris city, Texas,"24,475"
Johnston city, Iowa,"23,937"
Faribault city, Minnesota,"24,463"
Alton city, Illinois,"25,686"
Hazelwood city, Missouri,"25,455"
South Elgin village, Illinois,"23,873"
Zanesville city, Ohio,"24,769"
Barstow city, California,"25,409"
Florence town, Arizona,"27,361"
Fort Dodge city, Iowa,"24,871"
Kingsville city, Texas,"25,368"
Homer Glen village, Illinois,"24,543"
Greenbelt city, Maryland,"24,917"
Athens city, Ohio,"23,842"
Horizon City city, Texas,"22,488"
Perry city, Georgia,"20,613"
Mandan city, North Dakota,"24,193"
Wadsworth city, Ohio,"24,018"
Ennis city, Texas,"20,126"
Hurricane city, Utah,"20,036"
Avon town, Indiana,"21,482"
San Benito city, Texas,"24,865"
Payson city, Utah,"21,142"
Romulus city, Michigan,"25,173"
Barberton city, Ohio,"25,181"
Bainbridge Island city, Washington,"24,825"
West Haven city, Utah,"16,720"
Groveland city, Florida,"18,515"
Zion city, Illinois,"24,782"
Ridgeland city, Mississippi,"24,666"
Brookings city, South Dakota,"23,382"
Benbrook city, Texas,"24,528"
Selma city, California,"24,773"
Decatur city, Georgia,"24,938"
Newport city, Rhode Island,"25,169"
Riverside city, Ohio,"24,471"
Morton Grove village, Illinois,"25,295"
Farmington city, Minnesota,"23,676"
Corinth city, Texas,"22,694"
Seal Beach city, California,"25,232"
Van Buren city, Arkansas,"23,213"
Emporia city, Kansas,"24,140"
Edgewater city, Florida,"23,113"
Glassboro borough, New Jersey,"23,156"
Westmont village, Illinois,"24,464"
Marshall city, Texas,"23,382"
St. John town, Indiana,"20,322"
Ponca City city, Oklahoma,"24,426"
Wyandotte city, Michigan,"25,041"
Willoughby city, Ohio,"23,858"
Sandusky city, Ohio,"25,147"
Kenmore city, Washington,"23,916"
Oak Harbor city, Washington,"24,622"
Clinton city, Iowa,"24,467"
Watertown city, New York,"24,677"
Melrose Park village, Illinois,"24,801"
Searcy city, Arkansas,"22,941"
Griffin city, Georgia,"23,482"
Mustang city, Oklahoma,"19,918"
Coralville city, Iowa,"22,333"
Otsego city, Minnesota,"19,968"
Solon city, Ohio,"24,260"
Maywood city, California,"25,125"
Roseburg city, Oregon,"23,656"
Collinsville city, Illinois,"24,408"
Kingston city, New York,"24,040"
Rolling Meadows city, Illinois,"24,274"
Clinton city, Utah,"23,393"
Elmwood Park village, Illinois,"24,526"
Fountain Hills town, Arizona,"23,818"
Burlington city, Iowa,"24,022"
Loves Park city, Illinois,"23,398"
Munster town, Indiana,"23,895"
Jacksonville Beach city, Florida,"23,830"
Mesquite city, Nevada,"20,456"
North Salt Lake city, Utah,"23,018"
Pottstown borough, Pennsylvania,"23,442"
Lisle village, Illinois,"23,710"
West Memphis city, Arkansas,"24,523"
Kankakee city, Illinois,"24,076"
Webster Groves city, Missouri,"24,001"
Waynesboro city, Virginia,"22,193"
Highland town, Indiana,"23,983"
Duarte city, California,"21,724"
Watertown city, South Dakota,"22,660"
San Fernando city, California,"23,963"
White Bear Lake city, Minnesota,"24,876"
DeBary city, Florida,"22,185"
Hammond city, Louisiana,"19,632"
Albertville city, Alabama,"22,402"
Maywood village, Illinois,"23,517"
Hialeah Gardens city, Florida,"23,067"
Millbrae city, California,"23,212"
Muscatine city, Iowa,"23,809"
Sapulpa city, Oklahoma,"21,923"
Ozark city, Missouri,"21,284"
Oakdale city, California,"23,177"
Waxhaw town, North Carolina,"20,542"
Duncan city, Oklahoma,"22,675"
Freeport city, Illinois,"24,030"
Watauga city, Texas,"23,657"
Summit city, New Jersey,"22,730"
Maple Heights city, Ohio,"23,681"
Hudson city, Ohio,"23,090"
Trotwood city, Ohio,"23,078"
North Plainfield borough, New Jersey,"22,806"
Roselle borough, New Jersey,"22,694"
Suwanee city, Georgia,"20,818"
Marina city, California,"22,355"
Champlin city, Minnesota,"23,913"
Chambersburg borough, Pennsylvania,"21,893"
Keene city, New Hampshire,"23,034"
Central Falls city, Rhode Island,"22,583"
Garden City village, New York,"23,267"
Terrell city, Texas,"17,657"
Hopewell city, Virginia,"23,032"
Rock Springs city, Wyoming,"23,526"
Battle Ground city, Washington,"20,759"
Portsmouth city, New Hampshire,"21,959"
Prairie Village city, Kansas,"22,952"
North Ogden city, Utah,"20,926"
Alton city, Texas,"18,227"
Sunny Isles Beach city, Florida,"22,342"
Roselle village, Illinois,"22,920"
Machesney Park village, Illinois,"22,941"
Columbus city, Mississippi,"24,070"
Shelby city, North Carolina,"21,911"
Lino Lakes city, Minnesota,"21,410"
West Chester borough, Pennsylvania,"18,666"
Shafter city, California,"19,955"
Boerne city, Texas,"17,864"
Secaucus town, New Jersey,"22,187"
Radcliff city, Kentucky,"23,021"
Greenwood city, South Carolina,"22,555"
Christiansburg town, Virginia,"23,355"
Corcoran city, California,"22,361"
Acworth city, Georgia,"22,466"
Bloomingdale village, Illinois,"22,376"
Watertown city, Wisconsin,"22,933"
Altoona city, Iowa,"19,669"
Oxford city, Ohio,"23,045"
Middleton city, Wisconsin,"21,825"
Laguna Beach city, California,"23,038"
North Platte city, Nebraska,"23,407"
Big Spring city, Texas,"26,310"
Seymour city, Indiana,"22,000"
Carlisle borough, Pennsylvania,"20,117"
Hastings city, Minnesota,"22,159"
Sanford city, Maine,"21,976"
Clemmons village, North Carolina,"21,172"
La Porte city, Indiana,"22,453"
Evans city, Colorado,"22,182"
New Brighton city, Minnesota,"23,457"
Biddeford city, Maine,"22,549"
Columbia Heights city, Minnesota,"21,963"
Snellville city, Georgia,"20,572"
Ruston city, Louisiana,"22,160"
Sedalia city, Missouri,"21,731"
Zephyrhills city, Florida,"17,218"
Bryant city, Arkansas,"20,660"
Calabasas city, California,"23,236"
Carbondale city, Illinois,"22,300"
Helena city, Alabama,"20,959"
Birmingham city, Michigan,"21,817"
Harrison town, New Jersey,"19,460"
Klamath Falls city, Oregon,"21,787"
Stephenville city, Texas,"20,963"
Bonney Lake city, Washington,"21,664"
Imperial city, California,"20,348"
Oxford city, Alabama,"22,088"
Bartow city, Florida,"19,562"
Crystal city, Minnesota,"23,328"
Junction City city, Kansas,"22,932"
Clarksville town, Indiana,"22,348"
East Peoria city, Illinois,"22,493"
Villa Park village, Illinois,"22,258"
Darien city, Illinois,"22,047"
Tavares city, Florida,"18,999"
Lebanon city, Ohio,"20,865"
Hanahan city, South Carolina,"20,276"
East Ridge city, Tennessee,"22,169"
Howard village, Wisconsin,"19,957"
Arlington city, Washington,"19,911"
Montgomery village, Illinois,"20,290"
Lynn Haven city, Florida,"18,710"
Dickinson city, Texas,"21,433"
West St. Paul city, Minnesota,"20,600"
Lindenwold borough, New Jersey,"21,657"
North Liberty city, Iowa,"20,481"
Willmar city, Minnesota,"21,028"
Yucca Valley town, California,"21,740"
Marquette city, Michigan,"21,147"
Knightdale town, North Carolina,"19,471"
Blue Island city, Illinois,"22,562"
Pleasant Prairie village, Wisconsin,"21,253"
Chillicothe city, Ohio,"22,051"
American Canyon city, California,"21,839"
South Burlington city, Vermont,"20,201"
Mountain Brook city, Alabama,"22,549"
Cudahy city, California,"22,807"
St. Michael city, Minnesota,"18,217"
Elmwood Park borough, New Jersey,"21,424"
Montrose city, Colorado,"20,308"
Tukwila city, Washington,"21,780"
Milwaukie city, Oregon,"21,157"
Covington city, Washington,"20,772"
Alliance city, Ohio,"21,671"
Manor city, Texas,"13,642"
Pascagoula city, Mississippi,"22,000"
Rocky River city, Ohio,"21,751"
Culpeper town, Virginia,"20,081"
Republic city, Missouri,"18,763"
Westbrook city, Maine,"20,405"
Gardner city, Massachusetts,"21,282"
South Euclid city, Ohio,"21,891"
New Castle city, Pennsylvania,"21,933"
Port Hueneme city, California,"21,965"
Sweetwater city, Florida,"19,365"
Northfield city, Minnesota,"20,815"
Mineola village, New York,"20,809"
Mukilteo city, Washington,"21,526"
Del City city, Oklahoma,"21,812"
Golden Valley city, Minnesota,"22,556"
Grayslake village, Illinois,"21,258"
South Lake Tahoe city, California,"21,336"
Hays city, Kansas,"21,140"
Fort Walton Beach city, Florida,"20,923"
Geneva city, Illinois,"21,370"
Frankfort village, Illinois,"20,299"
Highland city, Utah,"19,354"
Anniston city, Alabama,"21,567"
Murphy city, Texas,"21,005"
Mount Pleasant city, Michigan,"21,703"
Carrboro town, North Carolina,"21,292"
Ashland city, Kentucky,"21,627"
Saco city, Maine,"20,379"
Hyattsville city, Maryland,"21,187"
Greenfield city, California,"18,937"
Arnold city, Missouri,"20,898"
Tullahoma city, Tennessee,"20,345"
Germantown village, Wisconsin,"20,914"
Park Forest village, Illinois,"21,699"
Ellensburg city, Washington,"21,557"
East Moline city, Illinois,"21,361"
Mill Creek city, Washington,"20,934"
Angleton city, Texas,"19,429"
Piqua city, Ohio,"20,378"
Ashland city, Oregon,"21,394"
Pleasantville city, New Jersey,"20,625"
Durant city, Oklahoma,"18,589"
Shelbyville city, Indiana,"20,115"
Elko city, Nevada,"20,541"
Louisville city, Colorado,"21,244"
North Myrtle Beach city, South Carolina,"18,830"
Kingsland city, Georgia,"18,211"
South Holland village, Illinois,"21,470"
New Hope city, Minnesota,"21,981"
Morristown town, New Jersey,"20,172"
Murrysville municipality, Pennsylvania,"20,989"
Portland city, Texas,"20,431"
Baldwin borough, Pennsylvania,"21,520"
Forest Lake city, Minnesota,"20,612"
Dolton village, Illinois,"21,418"
Alamo city, Texas,"19,516"
Lynbrook village, New York,"20,424"
Westminster city, Maryland,"20,137"
Rolla city, Missouri,"19,929"
Painesville city, Ohio,"20,298"
Auburndale city, Florida,"15,602"
Mebane city, North Carolina,"17,734"
Libertyville village, Illinois,"20,581"
Johnstown town, Colorado,"17,327"
Winder city, Georgia,"18,342"
Claremore city, Oklahoma,"19,584"
South St. Paul city, Minnesota,"20,757"
Sulphur city, Louisiana,"21,826"
Pittsburg city, Kansas,"20,655"
Parma Heights city, Ohio,"20,850"
Palisades Park borough, New Jersey,"20,288"
Crowley city, Texas,"18,058"
Sherwood city, Oregon,"20,458"
Bethany city, Oklahoma,"20,822"
Fayetteville city, Georgia,"18,942"
Punta Gorda city, Florida,"19,600"
Lockport city, New York,"20,876"
Sidney city, Ohio,"20,592"
Zachary city, Louisiana,"19,423"
Gallup city, New Mexico,"21,902"
Harrisburg town, North Carolina,"18,985"
Sand Springs city, Oklahoma,"19,917"
Brigham City city, Utah,"19,644"
Dixon city, California,"19,308"
Phoenixville borough, Pennsylvania,"18,601"
Universal City city, Texas,"19,714"
Adrian city, Michigan,"20,647"
Miamisburg city, Ohio,"19,927"
Cullman city, Alabama,"18,335"
South Milwaukee city, Wisconsin,"20,797"
Crest Hill city, Illinois,"20,457"
La Marque city, Texas,"18,377"
Monroe city, Michigan,"20,460"
Erlanger city, Kentucky,"19,651"
Naples city, Florida,"19,117"
Golden city, Colorado,"20,415"
Ypsilanti city, Michigan,"20,653"
Holly Springs city, Georgia,"16,443"
Seagoville city, Texas,"18,458"
St. Marys city, Georgia,"18,464"
Port Angeles city, Washington,"19,958"
Conyers city, Georgia,"17,304"
Villa Rica city, Georgia,"17,071"
Ammon city, Idaho,"17,720"
Boone town, North Carolina,"19,112"
Siloam Springs city, Arkansas,"17,391"
El Reno city, Oklahoma,"16,993"
Forest Park city, Ohio,"20,191"
Vicksburg city, Mississippi,"21,559"
Hawthorne borough, New Jersey,"19,636"
Oconomowoc city, Wisconsin,"18,172"
Whitehall city, Ohio,"20,127"
Monroe city, Washington,"19,818"
Mayfield Heights city, Ohio,"20,346"
Lomita city, California,"20,952"
Mamaroneck village, New York,"20,193"
Harvey city, Illinois,"20,323"
Oroville city, California,"20,165"
La Cañada Flintridge city, California,"20,574"
Albany city, California,"20,270"
Agoura Hills city, California,"20,296"
Plainview city, Texas,"20,169"
Coronado city, California,"20,199"